{"schemaVersion":"1.0","appDefinitionTemplate":{"id":"/providers/Microsoft.PowerApps/apps/","type":"Microsoft.PowerApps/apps","tags":{"primaryDeviceWidth":"1366","primaryDeviceHeight":"768","supportsPortrait":"true","supportsLandscape":"true","primaryFormFactor":"Tablet","showStatusBar":"false","publisherVersion":"3.25032.10","minimumRequiredApiVersion":"2.2.0","hasComponent":"false","hasUnlockedComponent":"false","isUnifiedRootApp":"false","sienaVersion":"20250325T024628Z-3.25032.10.0"},"properties":{"appVersion":"2025-03-25T02:46:28Z","lifeCycleId":"Published","createdByClientVersion":{"major":3,"minor":25032,"build":10,"revision":0,"majorRevision":0,"minorRevision":0},"minClientVersion":{"major":3,"minor":25032,"build":10,"revision":0,"majorRevision":0,"minorRevision":0},"backgroundColor":"RGBA(0,176,240,1)","backgroundImageUri":"/13507322562531127371/Nee61ddce-d3fe-45ee-9413-8df2b073fc4d-logoSmallFile","displayName":"Aplicativo CEP","description":"","aiGeneratedDescription":"Streamline postal code consultations with Aplicativo CEP. This app simplifies the retrieval and management of postal code data, enhancing efficiency and accuracy for users.","commitMessage":"","appUris":{"documentUri":{"value":"/13507322562531127371/Ne8ca6afa-cc85-4e5f-b907-a117b2b091ed-document.msapp"},"imageUris":[],"additionalUris":[{"isSolutionAware":false,"value":"/13507322562531127371/N2948a0cf-41cb-4a8f-8955-a8ba8617cc77-identity.json"}]},"createdTime":"0001-01-01T00:00:00Z","lastModifiedTime":"0001-01-01T00:00:00Z","sharedGroupsCount":0,"sharedUsersCount":0,"connectionReferences":{"10bf63ad-12d3-49c7-83f2-e001a5daaa97":{"id":"c89748c1-0c36-467e-b0fa-ba192e5283ac","displayName":"Grupos do Office 365","iconUri":"https://connectoricons-prod.azureedge.net/releases/v1.0.1681/1.0.1681.3663/office365groups/icon.png","dataSources":["GruposdoOffice365"],"dependencies":[],"dependents":[],"parameterHints":{},"parameterHintsV2":{},"isOnPremiseConnection":false,"bypassConsent":false,"dataSets":{},"apiTier":"Standard","isCustomApiConnection":false,"actions":["HttpRequest"]}},"databaseReferences":{},"almMode":"Environment","performanceOptimizationEnabled":true,"canConsumeAppPass":false,"enableModernRuntimeMode":false,"executionRestrictions":{"isTeamsOnly":false,"dataLossPreventionEvaluationResult":{"status":"Compliant","lastEvaluationDate":"2025-03-24T21:02:44.6842399Z","violations":[],"violationsByPolicy":[],"violationErrorMessage":"O aplicativo usa os seguintes conectores: shared_office365groups."}}},"isAppComponentLibrary":false,"appType":"ClassicCanvasApp","appComponents":[]}}